EntryNumber,SequenceNumber,InUse,ParentEntryNumber,ParentSequenceNumber,ParentPath,FileName,Extension,FileSize,ReferenceCount,ReparseTarget,IsDirectory,HasAds,IsAds,SI<FN,uSecZeros,Copied,SiFlags,NameType,Created0x10,Created0x30,LastModified0x10,LastModified0x30,LastRecordChange0x10,LastRecordChange0x30,LastAccess0x10,LastAccess0x30,UpdateSequenceNumber,LogfileSequenceNumber,SecurityId,ObjectIdFileDroid,LoggedUtilStream,ZoneIdContents,si_dt,fn_dt,si_mod_dt,diff_sec,Anomaly_Time,Anomaly_Zero,Chronos_Score
35103,3,false,1634,2,.\PathUnknown\Directory with ID 0x00000662-00000002,xpdAPI.dll,.dll,137616,1,,false,false,false,true,false,false,Archive,DosWindows,2024-04-01 16:43:19.0874202,2025-12-21 10:30:39.3256725,2024-04-01 16:43:19.0874202,2025-12-21 10:30:39.3256725,2025-12-21 10:30:40.3616206,2025-12-21 10:30:39.3256725,2024-04-01 16:43:19.0874202,2025-12-21 10:30:39.3256725,0,2437305720,737,,,,2024-04-01T16:43:19.087420,2025-12-21T10:30:39.325672,2024-04-01T16:43:19.087420,-54323240,TIMESTOMP_BACKDATE,"",80
35163,3,false,1634,2,.\PathUnknown\Directory with ID 0x00000662-00000002,xpdAgent.exe,.exe,876536,1,,false,false,false,true,false,false,Archive,DosWindows,2024-04-01 16:43:19.0717827,2025-12-21 10:30:39.3462508,2024-04-01 16:43:19.0874202,2025-12-21 10:30:39.3462508,2025-12-21 10:30:40.3754200,2025-12-21 10:30:39.3462508,2025-12-21 11:40:55.2348017,2025-12-21 10:30:39.3462508,0,2437305554,737,,,,2024-04-01T16:43:19.071782,2025-12-21T10:30:39.346250,2024-04-01T16:43:19.087420,-54323240,TIMESTOMP_BACKDATE,"",80
35358,3,false,1634,2,.\PathUnknown\Directory with ID 0x00000662-00000002,olk.exe,.exe,2682912,1,,false,false,false,true,false,false,Archive,DosWindows,2024-04-01 16:43:19.0249302,2025-12-21 10:30:39.5161731,2024-04-01 16:43:19.0561848,2025-12-21 10:30:39.5161731,2025-12-21 10:30:40.4327628,2025-12-21 10:30:39.5161731,2025-12-21 11:40:55.2255339,2025-12-21 10:30:39.5161731,0,2437304443,737,,,,2024-04-01T16:43:19.024930,2025-12-21T10:30:39.516173,2024-04-01T16:43:19.056184,-54323240,TIMESTOMP_BACKDATE,"",80
36003,3,false,1659,2,.\PathUnknown\Directory with ID 0x0000067B-00000002,mspaint.exe,.exe,2591744,1,,false,false,false,true,false,false,Archive|RecallOnOpen,DosWindows,2024-04-01 16:41:35.0032798,2025-12-21 10:30:40.1705738,2024-04-01 16:41:35.0345319,2025-12-21 10:30:40.1705738,2025-12-21 10:36:53.8812076,2025-12-21 10:30:40.1705738,2025-12-21 11:40:55.2739949,2025-12-21 10:30:40.1705738,47191184,2435730089,1417,,,,2024-04-01T16:41:35.003279,2025-12-21T10:30:40.170573,2024-04-01T16:41:35.034531,-54323345,TIMESTOMP_BACKDATE,"",80
36136,3,false,1659,2,.\PathUnknown\Directory with ID 0x0000067B-00000002,PaintUI.dll,.dll,4223488,1,,false,false,false,true,false,false,Archive|RecallOnOpen,DosWindows,2024-04-01 16:41:35.0503313,2025-12-21 10:30:40.3919952,2024-04-01 16:41:35.0970352,2025-12-21 10:30:40.3919952,2025-12-21 10:36:53.9679703,2025-12-21 10:30:40.3919952,2025-12-21 10:36:53.9656262,2025-12-21 10:30:40.3919952,47199176,2435734716,1417,,,,2024-04-01T16:41:35.050331,2025-12-21T10:30:40.391995,2024-04-01T16:41:35.097035,-54323345,TIMESTOMP_BACKDATE,"",80
38249,3,false,2131,2,.\PathUnknown\Directory with ID 0x00000853-00000002,Microsoft.GamePlatform.Services.dll,.dll,380928,1,,false,false,false,true,false,false,Archive|RecallOnOpen,Windows,2024-04-01 16:38:45.3562498,2025-12-21 10:30:42.1793969,2024-04-01 16:38:45.3562498,2025-12-21 10:30:42.1793969,2025-12-21 10:37:14.3707289,2025-12-21 10:30:42.1793969,2025-12-21 10:37:14.3680762,2025-12-21 10:30:42.1793969,48384736,2435327381,1572,,,,2024-04-01T16:38:45.356249,2025-12-21T10:30:42.179396,2024-04-01T16:38:45.356249,-54323516,TIMESTOMP_BACKDATE,"",80
38250,3,false,2131,2,.\PathUnknown\Directory with ID 0x00000853-00000002,WinRTAdapter.dll,.dll,298496,1,,false,false,false,true,false,false,Archive|RecallOnOpen,Windows,2024-04-01 16:38:45.5436838,2025-12-21 10:30:42.1819505,2024-04-01 16:38:45.5436838,2025-12-21 10:30:42.1819505,2025-12-21 10:37:14.4506523,2025-12-21 10:30:42.1819505,2025-12-21 10:37:14.4481126,2025-12-21 10:30:42.1819505,48387688,2435330257,1572,,,,2024-04-01T16:38:45.543683,2025-12-21T10:30:42.181950,2024-04-01T16:38:45.543683,-54323516,TIMESTOMP_BACKDATE,"",80
38251,3,false,2131,2,.\PathUnknown\Directory with ID 0x00000853-00000002,WinStore.App.exe,.exe,24064,1,,false,false,false,true,false,false,Archive|RecallOnOpen,Windows,2024-04-01 16:38:46.2156280,2025-12-21 10:30:42.1819505,2024-04-01 16:38:46.2156280,2025-12-21 10:30:42.1819505,2025-12-21 10:37:14.6737201,2025-12-21 10:30:42.1819505,2025-12-21 11:40:56.2163935,2025-12-21 10:30:42.1819505,48388552,2435330760,1572,,,,2024-04-01T16:38:46.215628,2025-12-21T10:30:42.181950,2024-04-01T16:38:46.215628,-54323515,TIMESTOMP_BACKDATE,"",80
38405,3,false,2145,2,.\PathUnknown\Directory with ID 0x00000861-00000002,CommunityToolkit.AppServices.dll,.dll,44544,1,,false,false,false,true,false,false,Archive|RecallOnOpen,Windows,2024-04-01 16:38:46.2312603,2025-12-21 10:30:42.4061249,2024-04-01 16:38:46.2312603,2025-12-21 10:30:42.4061249,2025-12-21 10:37:14.6852024,2025-12-21 10:30:42.4061249,2025-12-21 10:37:14.6852024,2025-12-21 10:30:42.4061249,48390272,2435331824,1572,,,,2024-04-01T16:38:46.231260,2025-12-21T10:30:42.406124,2024-04-01T16:38:46.231260,-54323516,TIMESTOMP_BACKDATE,"",80
38406,3,false,2145,2,.\PathUnknown\Directory with ID 0x00000861-00000002,Microsoft.Telemetry.dll,.dll,65024,1,,false,false,false,true,false,false,Archive|RecallOnOpen,Windows,2024-04-01 16:38:46.2937688,2025-12-21 10:30:42.4061249,2024-04-01 16:38:46.2937688,2025-12-21 10:30:42.4061249,2025-12-21 10:37:14.6948891,2025-12-21 10:30:42.4061249,2025-12-21 10:37:14.6948891,2025-12-21 10:30:42.4061249,48391536,2435332349,1572,,,,2024-04-01T16:38:46.293768,2025-12-21T10:30:42.406124,2024-04-01T16:38:46.293768,-54323516,TIMESTOMP_BACKDATE,"",80
38407,3,false,2145,2,.\PathUnknown\Directory with ID 0x00000861-00000002,Microsoft.Telemetry.Metadata.dll,.dll,22528,1,,false,false,false,true,false,false,Archive|RecallOnOpen,Windows,2024-04-01 16:38:46.3093811,2025-12-21 10:30:42.4061249,2024-04-01 16:38:46.3093811,2025-12-21 10:30:42.4061249,2025-12-21 10:37:14.6970600,2025-12-21 10:30:42.4061249,2025-12-21 10:37:14.6970600,2025-12-21 10:30:42.4061249,48391904,2435332516,1572,,,,2024-04-01T16:38:46.309381,2025-12-21T10:30:42.406124,2024-04-01T16:38:46.309381,-54323516,TIMESTOMP_BACKDATE,"",80
38408,3,false,2145,2,.\PathUnknown\Directory with ID 0x00000861-00000002,Microsoft.Win32.Primitives.dll,.dll,21216,1,,false,false,false,true,false,false,Archive|RecallOnOpen,Windows,2024-04-01 16:38:46.3250110,2025-12-21 10:30:42.4061249,2024-04-01 16:38:46.3250110,2025-12-21 10:30:42.4061249,2025-12-21 10:37:14.6990866,2025-12-21 10:30:42.4061249,2025-12-21 10:37:14.6990866,2025-12-21 10:30:42.4061249,48392272,2435332693,1572,,,,2024-04-01T16:38:46.325011,2025-12-21T10:30:42.406124,2024-04-01T16:38:46.325011,-54323516,TIMESTOMP_BACKDATE,"",80
38409,3,false,2145,2,.\PathUnknown\Directory with ID 0x00000861-00000002,CommunityToolkit.Diagnostics.dll,.dll,98448,1,,false,false,false,true,false,false,Archive|RecallOnOpen,Windows,2024-04-01 16:38:46.2468959,2025-12-21 10:30:42.4061249,2024-04-01 16:38:46.2625559,2025-12-21 10:30:42.4061249,2025-12-21 10:37:14.6878195,2025-12-21 10:30:42.4061249,2025-12-21 10:37:14.6878195,2025-12-21 10:30:42.4061249,48390656,2435331993,1572,,,,2024-04-01T16:38:46.246895,2025-12-21T10:30:42.406124,2024-04-01T16:38:46.262555,-54323516,TIMESTOMP_BACKDATE,"",80
38410,3,false,2145,2,.\PathUnknown\Directory with ID 0x00000861-00000002,StoreDesktopExtension.exe,.exe,39424,1,,false,false,false,true,false,false,Archive|RecallOnOpen,Windows,2024-04-01 16:38:46.3406585,2025-12-21 10:30:42.4061249,2024-04-01 16:38:46.3406585,2025-12-21 10:30:42.4061249,2025-12-21 10:37:14.7040858,2025-12-21 10:30:42.4061249,2025-12-21 11:40:56.2184390,2025-12-21 10:30:42.4061249,48392904,2435333093,1572,,,,2024-04-01T16:38:46.340658,2025-12-21T10:30:42.406124,2024-04-01T16:38:46.340658,-54323516,TIMESTOMP_BACKDATE,"",80
38412,3,false,2145,2,.\PathUnknown\Directory with ID 0x00000861-00000002,System.AppContext.dll,.dll,21176,1,,false,false,false,true,false,false,Archive|RecallOnOpen,Windows,2024-04-01 16:38:46.3562703,2025-12-21 10:30:42.4087189,2024-04-01 16:38:46.3562703,2025-12-21 10:30:42.4087189,2025-12-21 10:37:14.7091258,2025-12-21 10:30:42.4087189,2025-12-21 10:37:14.7091258,2025-12-21 10:30:42.4087189,48393608,2435333435,1572,,,,2024-04-01T16:38:46.356270,2025-12-21T10:30:42.408718,2024-04-01T16:38:46.356270,-54323516,TIMESTOMP_BACKDATE,"",80
38413,3,false,2145,2,.\PathUnknown\Directory with ID 0x00000861-00000002,netstandard.dll,.dll,98616,1,,false,false,false,true,false,false,Archive|RecallOnOpen,Windows,2024-04-01 16:38:46.3406585,2025-12-21 10:30:42.4087189,2024-04-01 16:38:46.3406585,2025-12-21 10:30:42.4087189,2025-12-21 10:37:14.7040858,2025-12-21 10:30:42.4087189,2025-12-21 10:37:14.7015815,2025-12-21 10:30:42.4087189,48392584,2435332856,1572,,,,2024-04-01T16:38:46.340658,2025-12-21T10:30:42.408718,2024-04-01T16:38:46.340658,-54323516,TIMESTOMP_BACKDATE,"",80
38414,3,false,2145,2,.\PathUnknown\Directory with ID 0x00000861-00000002,Microsoft.Marketplace.Storefront.Telemetry.Contracts.dll,.dll,162304,1,,false,false,false,true,false,false,Archive|RecallOnOpen,Windows,2024-04-01 16:38:46.2781456,2025-12-21 10:30:42.4087189,2024-04-01 16:38:46.2781456,2025-12-21 10:30:42.4087189,2025-12-21 10:37:14.6928696,2025-12-21 10:30:42.4087189,2025-12-21 10:37:14.6903823,2025-12-21 10:30:42.4087189,48391136,2435332177,1572,,,,2024-04-01T16:38:46.278145,2025-12-21T10:30:42.408718,2024-04-01T16:38:46.278145,-54323516,TIMESTOMP_BACKDATE,"",80
38415,3,false,2145,2,.\PathUnknown\Directory with ID 0x00000861-00000002,System.Collections.Concurrent.dll,.dll,21224,1,,false,false,false,true,false,false,Archive|RecallOnOpen,Windows,2024-04-01 16:38:46.3562703,2025-12-21 10:30:42.4087189,2024-04-01 16:38:46.3562703,2025-12-21 10:30:42.4087189,2025-12-21 10:37:14.7168024,2025-12-21 10:30:42.4087189,2025-12-21 10:37:14.7143005,2025-12-21 10:30:42.4087189,48393968,2435333834,1572,,,,2024-04-01T16:38:46.356270,2025-12-21T10:30:42.408718,2024-04-01T16:38:46.356270,-54323516,TIMESTOMP_BACKDATE,"",80
38416,3,false,2145,2,.\PathUnknown\Directory with ID 0x00000861-00000002,System.Collections.dll,.dll,21696,1,,false,false,false,true,false,false,Archive|RecallOnOpen,Windows,2024-04-01 16:38:46.3562703,2025-12-21 10:30:42.4112721,2024-04-01 16:38:46.3562703,2025-12-21 10:30:42.4112721,2025-12-21 10:37:14.7168024,2025-12-21 10:30:42.4112721,2025-12-21 10:37:14.7168024,2025-12-21 10:30:42.4112721,48394344,2435334000,1572,,,,2024-04-01T16:38:46.356270,2025-12-21T10:30:42.411272,2024-04-01T16:38:46.356270,-54323516,TIMESTOMP_BACKDATE,"",80
38417,3,false,2145,2,.\PathUnknown\Directory with ID 0x00000861-00000002,System.Collections.NonGeneric.dll,.dll,21224,1,,false,false,false,true,false,false,Archive|RecallOnOpen,Windows,2024-04-01 16:38:46.3562703,2025-12-21 10:30:42.4112721,2024-04-01 16:38:46.3562703,2025-12-21 10:30:42.4112721,2025-12-21 10:37:14.7193602,2025-12-21 10:30:42.4112721,2025-12-21 10:37:14.7193602,2025-12-21 10:30:42.4112721,48394704,2435334226,1572,,,,2024-04-01T16:38:46.356270,2025-12-21T10:30:42.411272,2024-04-01T16:38:46.356270,-54323516,TIMESTOMP_BACKDATE,"",80
38418,3,false,2145,2,.\PathUnknown\Directory with ID 0x00000861-00000002,System.Collections.Specialized.dll,.dll,21224,1,,false,false,false,true,false,false,Archive|RecallOnOpen,Windows,2024-04-01 16:38:46.3562703,2025-12-21 10:30:42.4112721,2024-04-01 16:38:46.3562703,2025-12-21 10:30:42.4112721,2025-12-21 10:37:14.7218209,2025-12-21 10:30:42.4112721,2025-12-21 10:37:14.7218209,2025-12-21 10:30:42.4112721,48395088,2435334395,1572,,,,2024-04-01T16:38:46.356270,2025-12-21T10:30:42.411272,2024-04-01T16:38:46.356270,-54323516,TIMESTOMP_BACKDATE,"",80
38419,3,false,2145,2,.\PathUnknown\Directory with ID 0x00000861-00000002,System.ComponentModel.dll,.dll,21192,1,,false,false,false,true,false,false,Archive|RecallOnOpen,Windows,2024-04-01 16:38:46.3562703,2025-12-21 10:30:42.4112721,2024-04-01 16:38:46.3562703,2025-12-21 10:30:42.4112721,2025-12-21 10:37:14.7243262,2025-12-21 10:30:42.4112721,2025-12-21 10:37:14.7243262,2025-12-21 10:30:42.4112721,48395440,2435334562,1572,,,,2024-04-01T16:38:46.356270,2025-12-21T10:30:42.411272,2024-04-01T16:38:46.356270,-54323516,TIMESTOMP_BACKDATE,"",80
38420,3,false,2145,2,.\PathUnknown\Directory with ID 0x00000861-00000002,System.ComponentModel.EventBasedAsync.dll,.dll,21768,1,,false,false,false,true,false,false,Archive|RecallOnOpen,Windows,2024-04-01 16:38:46.3719000,2025-12-21 10:30:42.4112721,2024-04-01 16:38:46.3719000,2025-12-21 10:30:42.4112721,2025-12-21 10:37:14.7268518,2025-12-21 10:30:42.4112721,2025-12-21 10:37:14.7268518,2025-12-21 10:30:42.4112721,48395840,2435334744,1572,,,,2024-04-01T16:38:46.371900,2025-12-21T10:30:42.411272,2024-04-01T16:38:46.371900,-54323516,TIMESTOMP_BACKDATE,"",80
38421,3,false,2145,2,.\PathUnknown\Directory with ID 0x00000861-00000002,System.ComponentModel.Primitives.dll,.dll,21752,1,,false,false,false,true,false,false,Archive|RecallOnOpen,Windows,2024-04-01 16:38:46.3719000,2025-12-21 10:30:42.4112721,2024-04-01 16:38:46.3719000,2025-12-21 10:30:42.4112721,2025-12-21 10:37:14.7310469,2025-12-21 10:30:42.4112721,2025-12-21 10:37:14.7293850,2025-12-21 10:30:42.4112721,48396256,2435334916,1572,,,,2024-04-01T16:38:46.371900,2025-12-21T10:30:42.411272,2024-04-01T16:38:46.371900,-54323516,TIMESTOMP_BACKDATE,"",80
38422,3,false,2145,2,.\PathUnknown\Directory with ID 0x00000861-00000002,System.ComponentModel.TypeConverter.dll,.dll,22784,1,,false,false,false,true,false,false,Archive|RecallOnOpen,Windows,2024-04-01 16:38:46.3719000,2025-12-21 10:30:42.4112721,2024-04-01 16:38:46.3719000,2025-12-21 10:30:42.4112721,2025-12-21 10:37:14.7336502,2025-12-21 10:30:42.4112721,2025-12-21 10:37:14.7310469,2025-12-21 10:30:42.4112721,48396680,2435335087,1572,,,,2024-04-01T16:38:46.371900,2025-12-21T10:30:42.411272,2024-04-01T16:38:46.371900,-54323516,TIMESTOMP_BACKDATE,"",80
38423,3,false,2145,2,.\PathUnknown\Directory with ID 0x00000861-00000002,System.Console.dll,.dll,21160,1,,false,false,false,true,false,false,Archive|RecallOnOpen,Windows,2024-04-01 16:38:46.3719000,2025-12-21 10:30:42.4112721,2024-04-01 16:38:46.3719000,2025-12-21 10:30:42.4112721,2025-12-21 10:37:14.7357957,2025-12-21 10:30:42.4112721,2025-12-21 10:37:14.7357957,2025-12-21 10:30:42.4112721,48397016,2435335262,1572,,,,2024-04-01T16:38:46.371900,2025-12-21T10:30:42.411272,2024-04-01T16:38:46.371900,-54323516,TIMESTOMP_BACKDATE,"",80
38429,3,false,2145,2,.\PathUnknown\Directory with ID 0x00000861-00000002,System.Diagnostics.Contracts.dll,.dll,21736,1,,false,false,false,true,false,false,Archive|RecallOnOpen,Windows,2024-04-01 16:38:46.3719000,2025-12-21 10:30:42.4157817,2024-04-01 16:38:46.3719000,2025-12-21 10:30:42.4157817,2025-12-21 10:37:14.7432893,2025-12-21 10:30:42.4157817,2025-12-21 10:37:14.7407110,2025-12-21 10:30:42.4157817,48397680,2435335590,1572,,,,2024-04-01T16:38:46.371900,2025-12-21T10:30:42.415781,2024-04-01T16:38:46.371900,-54323516,TIMESTOMP_BACKDATE,"",80
38431,3,false,2145,2,.\PathUnknown\Directory with ID 0x00000861-00000002,System.Diagnostics.Debug.dll,.dll,21208,1,,false,false,false,true,false,false,Archive|RecallOnOpen,Windows,2024-04-01 16:38:46.3719000,2025-12-21 10:30:42.4157817,2024-04-01 16:38:46.3719000,2025-12-21 10:30:42.4157817,2025-12-21 10:37:14.7459031,2025-12-21 10:30:42.4157817,2025-12-21 10:37:14.7432893,2025-12-21 10:30:42.4157817,48398048,2435335766,1572,,,,2024-04-01T16:38:46.371900,2025-12-21T10:30:42.415781,2024-04-01T16:38:46.371900,-54323516,TIMESTOMP_BACKDATE,"",80
38432,3,false,2145,2,.\PathUnknown\Directory with ID 0x00000861-00000002,System.Diagnostics.FileVersionInfo.dll,.dll,21248,1,,false,false,false,true,false,false,Archive|RecallOnOpen,Windows,2024-04-01 16:38:46.3875069,2025-12-21 10:30:42.4157817,2024-04-01 16:38:46.3875069,2025-12-21 10:30:42.4157817,2025-12-21 10:37:14.7474011,2025-12-21 10:30:42.4157817,2025-12-21 10:37:14.7474011,2025-12-21 10:30:42.4157817,48398472,2435335935,1572,,,,2024-04-01T16:38:46.387506,2025-12-21T10:30:42.415781,2024-04-01T16:38:46.387506,-54323516,TIMESTOMP_BACKDATE,"",80
38433,3,false,2145,2,.\PathUnknown\Directory with ID 0x00000861-00000002,System.Diagnostics.Process.dll,.dll,21728,1,,false,false,false,true,false,false,Archive|RecallOnOpen,Windows,2024-04-01 16:38:46.3875069,2025-12-21 10:30:42.4157817,2024-04-01 16:38:46.3875069,2025-12-21 10:30:42.4157817,2025-12-21 10:37:14.7500562,2025-12-21 10:30:42.4157817,2025-12-21 10:37:14.7500562,2025-12-21 10:30:42.4157817,48398848,2435336104,1572,,,,2024-04-01T16:38:46.387506,2025-12-21T10:30:42.415781,2024-04-01T16:38:46.387506,-54323516,TIMESTOMP_BACKDATE,"",80
38434,3,false,2145,2,.\PathUnknown\Directory with ID 0x00000861-00000002,System.Diagnostics.StackTrace.dll,.dll,23936,1,,false,false,false,true,false,false,Archive|RecallOnOpen,Windows,2024-04-01 16:38:46.3875069,2025-12-21 10:30:42.4157817,2024-04-01 16:38:46.3875069,2025-12-21 10:30:42.4157817,2025-12-21 10:37:14.7524847,2025-12-21 10:30:42.4157817,2025-12-21 10:37:14.7524847,2025-12-21 10:30:42.4157817,48399224,2435336280,1572,,,,2024-04-01T16:38:46.387506,2025-12-21T10:30:42.415781,2024-04-01T16:38:46.387506,-54323516,TIMESTOMP_BACKDATE,"",80
38435,3,false,2145,2,.\PathUnknown\Directory with ID 0x00000861-00000002,System.Diagnostics.TextWriterTraceListener.dll,.dll,21280,1,,false,false,false,true,false,false,Archive|RecallOnOpen,Windows,2024-04-01 16:38:46.3875069,2025-12-21 10:30:42.4179443,2024-04-01 16:38:46.3875069,2025-12-21 10:30:42.4179443,2025-12-21 10:37:14.7572208,2025-12-21 10:30:42.4179443,2025-12-21 10:37:14.7550142,2025-12-21 10:30:42.4179443,48399656,2435336501,1572,,,,2024-04-01T16:38:46.387506,2025-12-21T10:30:42.417944,2024-04-01T16:38:46.387506,-54323516,TIMESTOMP_BACKDATE,"",80
38436,3,false,2145,2,.\PathUnknown\Directory with ID 0x00000861-00000002,System.Diagnostics.Tools.dll,.dll,21208,1,,false,false,false,true,false,false,Archive|RecallOnOpen,Windows,2024-04-01 16:38:46.3875069,2025-12-21 10:30:42.4179443,2024-04-01 16:38:46.3875069,2025-12-21 10:30:42.4179443,2025-12-21 10:37:14.7594933,2025-12-21 10:30:42.4179443,2025-12-21 10:37:14.7572208,2025-12-21 10:30:42.4179443,48400048,2435336754,1572,,,,2024-04-01T16:38:46.387506,2025-12-21T10:30:42.417944,2024-04-01T16:38:46.387506,-54323516,TIMESTOMP_BACKDATE,"",80
38437,3,false,2145,2,.\PathUnknown\Directory with ID 0x00000861-00000002,System.Diagnostics.TraceSource.dll,.dll,21744,1,,false,false,false,true,false,false,Archive|RecallOnOpen,Windows,2024-04-01 16:38:46.3875069,2025-12-21 10:30:42.4179443,2024-04-01 16:38:46.3875069,2025-12-21 10:30:42.4179443,2025-12-21 10:37:14.7714038,2025-12-21 10:30:42.4179443,2025-12-21 10:37:14.7689705,2025-12-21 10:30:42.4179443,48400424,2435336922,1572,,,,2024-04-01T16:38:46.387506,2025-12-21T10:30:42.417944,2024-04-01T16:38:46.387506,-54323516,TIMESTOMP_BACKDATE,"",80
38438,3,false,2145,2,.\PathUnknown\Directory with ID 0x00000861-00000002,System.Drawing.Primitives.dll,.dll,21208,1,,false,false,false,true,false,false,Archive|RecallOnOpen,Windows,2024-04-01 16:38:46.4031290,2025-12-21 10:30:42.4179443,2024-04-01 16:38:46.4031290,2025-12-21 10:30:42.4179443,2025-12-21 10:37:14.7923076,2025-12-21 10:30:42.4179443,2025-12-21 10:37:14.7871769,2025-12-21 10:30:42.4179443,48401152,2435337320,1572,,,,2024-04-01T16:38:46.403129,2025-12-21T10:30:42.417944,2024-04-01T16:38:46.403129,-54323516,TIMESTOMP_BACKDATE,"",80
38439,3,false,2145,2,.\PathUnknown\Directory with ID 0x00000861-00000002,System.Dynamic.Runtime.dll,.dll,22224,1,,false,false,false,true,false,false,Archive|RecallOnOpen,Windows,2024-04-01 16:38:46.4031290,2025-12-21 10:30:42.4179443,2024-04-01 16:38:46.4031290,2025-12-21 10:30:42.4179443,2025-12-21 10:37:14.7973619,2025-12-21 10:30:42.4179443,2025-12-21 10:37:14.7947867,2025-12-21 10:30:42.4179443,48401496,2435337486,1572,,,,2024-04-01T16:38:46.403129,2025-12-21T10:30:42.417944,2024-04-01T16:38:46.403129,-54323516,TIMESTOMP_BACKDATE,"",80
38440,3,false,2145,2,.\PathUnknown\Directory with ID 0x00000861-00000002,System.Diagnostics.Tracing.dll,.dll,31608,1,,false,false,false,true,false,false,Archive|RecallOnOpen,Windows,2024-04-01 16:38:46.3875069,2025-12-21 10:30:42.4179443,2024-04-01 16:38:46.4031290,2025-12-21 10:30:42.4179443,2025-12-21 10:37:14.7846225,2025-12-21 10:30:42.4179443,2025-12-21 10:37:14.7770120,2025-12-21 10:30:42.4179443,48400792,2435337142,1572,,,,2024-04-01T16:38:46.387506,2025-12-21T10:30:42.417944,2024-04-01T16:38:46.403129,-54323516,TIMESTOMP_BACKDATE,"",80
38441,3,false,2145,2,.\PathUnknown\Directory with ID 0x00000861-00000002,System.Globalization.Calendars.dll,.dll,21744,1,,false,false,false,true,false,false,Archive|RecallOnOpen,Windows,2024-04-01 16:38:46.4031290,2025-12-21 10:30:42.4179443,2024-04-01 16:38:46.4031290,2025-12-21 10:30:42.4179443,2025-12-21 10:37:14.8044771,2025-12-21 10:30:42.4179443,2025-12-21 10:37:14.8021035,2025-12-21 10:30:42.4179443,48401864,2435337705,1572,,,,2024-04-01T16:38:46.403129,2025-12-21T10:30:42.417944,2024-04-01T16:38:46.403129,-54323516,TIMESTOMP_BACKDATE,"",80
38442,3,false,2145,2,.\PathUnknown\Directory with ID 0x00000861-00000002,System.Globalization.dll,.dll,21192,1,,false,false,false,true,false,false,Archive|RecallOnOpen,Windows,2024-04-01 16:38:46.4031290,2025-12-21 10:30:42.4179443,2024-04-01 16:38:46.4031290,2025-12-21 10:30:42.4179443,2025-12-21 10:37:14.8233491,2025-12-21 10:30:42.4179443,2025-12-21 10:37:14.8125372,2025-12-21 10:30:42.4179443,48402216,2435337880,1572,,,,2024-04-01T16:38:46.403129,2025-12-21T10:30:42.417944,2024-04-01T16:38:46.403129,-54323516,TIMESTOMP_BACKDATE,"",80
38443,3,false,2145,2,.\PathUnknown\Directory with ID 0x00000861-00000002,System.IO.Compression.ZipFile.dll,.dll,21224,1,,false,false,false,true,false,false,Archive|RecallOnOpen,Windows,2024-04-01 16:38:46.4187551,2025-12-21 10:30:42.4179443,2024-04-01 16:38:46.4187551,2025-12-21 10:30:42.4179443,2025-12-21 10:37:14.8512990,2025-12-21 10:30:42.4179443,2025-12-21 10:37:14.8486087,2025-12-21 10:30:42.4179443,48403432,2435338390,1572,,,,2024-04-01T16:38:46.418755,2025-12-21T10:30:42.417944,2024-04-01T16:38:46.418755,-54323515,TIMESTOMP_BACKDATE,"",80
38444,3,false,2145,2,.\PathUnknown\Directory with ID 0x00000861-00000002,System.Globalization.Extensions.dll,.dll,25992,1,,false,false,false,true,false,false,Archive|RecallOnOpen,Windows,2024-04-01 16:38:46.4031290,2025-12-21 10:30:42.4179443,2024-04-01 16:38:46.4031290,2025-12-21 10:30:42.4179443,2025-12-21 10:37:14.8361432,2025-12-21 10:30:42.4179443,2025-12-21 10:37:14.8307515,2025-12-21 10:30:42.4179443,48402704,2435338047,1572,,,,2024-04-01T16:38:46.403129,2025-12-21T10:30:42.417944,2024-04-01T16:38:46.403129,-54323516,TIMESTOMP_BACKDATE,"",80
38458,3,false,2145,2,.\PathUnknown\Directory with ID 0x00000861-00000002,System.IO.dll,.dll,21144,1,,false,false,false,true,false,false,Archive|RecallOnOpen,Windows,2024-04-01 16:38:46.4187551,2025-12-21 10:30:42.4270554,2024-04-01 16:38:46.4187551,2025-12-21 10:30:42.4270554,2025-12-21 10:37:14.8562496,2025-12-21 10:30:42.4270554,2025-12-21 10:37:14.8537043,2025-12-21 10:30:42.4270554,48403736,2435338554,1572,,,,2024-04-01T16:38:46.418755,2025-12-21T10:30:42.427055,2024-04-01T16:38:46.418755,-54323516,TIMESTOMP_BACKDATE,"",80
38459,3,false,2145,2,.\PathUnknown\Directory with ID 0x00000861-00000002,System.Data.Common.dll,.dll,154448,1,,false,false,false,true,false,false,Archive|RecallOnOpen,Windows,2024-04-01 16:38:46.3719000,2025-12-21 10:30:42.4270554,2024-04-01 16:38:46.3719000,2025-12-21 10:30:42.4270554,2025-12-21 10:37:14.7407110,2025-12-21 10:30:42.4270554,2025-12-21 10:37:14.7382384,2025-12-21 10:30:42.4270554,48397320,2435335424,1572,,,,2024-04-01T16:38:46.371900,2025-12-21T10:30:42.427055,2024-04-01T16:38:46.371900,-54323516,TIMESTOMP_BACKDATE,"",80
38460,3,false,2145,2,.\PathUnknown\Directory with ID 0x00000861-00000002,System.IO.FileSystem.dll,.dll,21192,1,,false,false,false,true,false,false,Archive|RecallOnOpen,Windows,2024-04-01 16:38:46.4187551,2025-12-21 10:30:42.4270554,2024-04-01 16:38:46.4187551,2025-12-21 10:30:42.4270554,2025-12-21 10:37:14.8608445,2025-12-21 10:30:42.4270554,2025-12-21 10:37:14.8587292,2025-12-21 10:30:42.4270554,48404048,2435338716,1572,,,,2024-04-01T16:38:46.418755,2025-12-21T10:30:42.427055,2024-04-01T16:38:46.418755,-54323516,TIMESTOMP_BACKDATE,"",80
38461,3,false,2145,2,.\PathUnknown\Directory with ID 0x00000861-00000002,System.IO.FileSystem.DriveInfo.dll,.dll,21232,1,,false,false,false,true,false,false,Archive|RecallOnOpen,Windows,2024-04-01 16:38:46.4187551,2025-12-21 10:30:42.4270554,2024-04-01 16:38:46.4187551,2025-12-21 10:30:42.4270554,2025-12-21 10:37:14.8652862,2025-12-21 10:30:42.4270554,2025-12-21 10:37:14.8629416,2025-12-21 10:30:42.4270554,48404416,2435338891,1572,,,,2024-04-01T16:38:46.418755,2025-12-21T10:30:42.427055,2024-04-01T16:38:46.418755,-54323516,TIMESTOMP_BACKDATE,"",80
38468,3,false,2145,2,.\PathUnknown\Directory with ID 0x00000861-00000002,System.IO.FileSystem.Primitives.dll,.dll,21232,1,,false,false,false,true,false,false,Archive|RecallOnOpen,Windows,2024-04-01 16:38:46.4187551,2025-12-21 10:30:42.4316889,2024-04-01 16:38:46.4187551,2025-12-21 10:30:42.4316889,2025-12-21 10:37:14.8675946,2025-12-21 10:30:42.4316889,2025-12-21 10:37:14.8652862,2025-12-21 10:30:42.4316889,48404816,2435339060,1572,,,,2024-04-01T16:38:46.418755,2025-12-21T10:30:42.431688,2024-04-01T16:38:46.418755,-54323516,TIMESTOMP_BACKDATE,"",80
38469,3,false,2145,2,.\PathUnknown\Directory with ID 0x00000861-00000002,System.IO.FileSystem.Watcher.dll,.dll,21224,1,,false,false,false,true,false,false,Archive|RecallOnOpen,Windows,2024-04-01 16:38:46.4187551,2025-12-21 10:30:42.4316889,2024-04-01 16:38:46.4343825,2025-12-21 10:30:42.4316889,2025-12-21 10:37:14.8701108,2025-12-21 10:30:42.4316889,2025-12-21 10:37:14.8701108,2025-12-21 10:30:42.4316889,48405208,2435339362,1572,,,,2024-04-01T16:38:46.418755,2025-12-21T10:30:42.431688,2024-04-01T16:38:46.434382,-54323516,TIMESTOMP_BACKDATE,"",80
38470,3,false,2145,2,.\PathUnknown\Directory with ID 0x00000861-00000002,System.IO.IsolatedStorage.dll,.dll,21208,1,,false,false,false,true,false,false,Archive|RecallOnOpen,Windows,2024-04-01 16:38:46.4343825,2025-12-21 10:30:42.4316889,2024-04-01 16:38:46.4343825,2025-12-21 10:30:42.4316889,2025-12-21 10:37:14.8752075,2025-12-21 10:30:42.4316889,2025-12-21 10:37:14.8727002,2025-12-21 10:30:42.4316889,48405576,2435339530,1572,,,,2024-04-01T16:38:46.434382,2025-12-21T10:30:42.431688,2024-04-01T16:38:46.434382,-54323515,TIMESTOMP_BACKDATE,"",80
38472,3,false,2145,2,.\PathUnknown\Directory with ID 0x00000861-00000002,System.IO.MemoryMappedFiles.dll,.dll,21216,1,,false,false,false,true,false,false,Archive|RecallOnOpen,Windows,2024-04-01 16:38:46.4343825,2025-12-21 10:30:42.4316889,2024-04-01 16:38:46.4343825,2025-12-21 10:30:42.4316889,2025-12-21 10:37:14.8773248,2025-12-21 10:30:42.4316889,2025-12-21 10:37:14.8773248,2025-12-21 10:30:42.4316889,48405952,2435339697,1572,,,,2024-04-01T16:38:46.434382,2025-12-21T10:30:42.431688,2024-04-01T16:38:46.434382,-54323515,TIMESTOMP_BACKDATE,"",80
38473,3,false,2145,2,.\PathUnknown\Directory with ID 0x00000861-00000002,System.IO.Pipes.dll,.dll,21168,1,,false,false,false,true,false,false,Archive|RecallOnOpen,Windows,2024-04-01 16:38:46.4343825,2025-12-21 10:30:42.4316889,2024-04-01 16:38:46.4343825,2025-12-21 10:30:42.4316889,2025-12-21 10:37:14.8794852,2025-12-21 10:30:42.4316889,2025-12-21 10:37:14.8794852,2025-12-21 10:30:42.4316889,48406288,2435339870,1572,,,,2024-04-01T16:38:46.434382,2025-12-21T10:30:42.431688,2024-04-01T16:38:46.434382,-54323515,TIMESTOMP_BACKDATE,"",80
38475,3,false,2145,2,.\PathUnknown\Directory with ID 0x00000861-00000002,System.IO.Compression.dll,.dll,110944,1,,false,false,false,true,false,false,Archive|RecallOnOpen,Windows,2024-04-01 16:38:46.4187551,2025-12-21 10:30:42.4316889,2024-04-01 16:38:46.4187551,2025-12-21 10:30:42.4316889,2025-12-21 10:37:14.8436002,2025-12-21 10:30:42.4316889,2025-12-21 10:37:14.8410855,2025-12-21 10:30:42.4316889,48403064,2435338215,1572,,,,2024-04-01T16:38:46.418755,2025-12-21T10:30:42.431688,2024-04-01T16:38:46.418755,-54323516,TIMESTOMP_BACKDATE,"",80
38476,3,false,2145,2,.\PathUnknown\Directory with ID 0x00000861-00000002,System.IO.UnmanagedMemoryStream.dll,.dll,21232,1,,false,false,false,true,false,false,Archive|RecallOnOpen,Windows,2024-04-01 16:38:46.4343825,2025-12-21 10:30:42.4360048,2024-04-01 16:38:46.4343825,2025-12-21 10:30:42.4360048,2025-12-21 10:37:14.8841629,2025-12-21 10:30:42.4360048,2025-12-21 10:37:14.8820201,2025-12-21 10:30:42.4360048,48406664,2435340036,1572,,,,2024-04-01T16:38:46.434382,2025-12-21T10:30:42.436004,2024-04-01T16:38:46.434382,-54323516,TIMESTOMP_BACKDATE,"",80
38477,3,false,2145,2,.\PathUnknown\Directory with ID 0x00000861-00000002,System.Linq.dll,.dll,21152,1,,false,false,false,true,false,false,Archive|RecallOnOpen,Windows,2024-04-01 16:38:46.4343825,2025-12-21 10:30:42.4360048,2024-04-01 16:38:46.4343825,2025-12-21 10:30:42.4360048,2025-12-21 10:37:14.8888094,2025-12-21 10:30:42.4360048,2025-12-21 10:37:14.8867758,2025-12-21 10:30:42.4360048,48406992,2435340201,1572,,,,2024-04-01T16:38:46.434382,2025-12-21T10:30:42.436004,2024-04-01T16:38:46.434382,-54323516,TIMESTOMP_BACKDATE,"",80
38478,3,false,2145,2,.\PathUnknown\Directory with ID 0x00000861-00000002,System.Linq.Expressions.dll,.dll,22224,1,,false,false,false,true,false,false,Archive|RecallOnOpen,Windows,2024-04-01 16:38:46.4343825,2025-12-21 10:30:42.4360048,2024-04-01 16:38:46.4343825,2025-12-21 10:30:42.4360048,2025-12-21 10:37:14.8938092,2025-12-21 10:30:42.4360048,2025-12-21 10:37:14.8912423,2025-12-21 10:30:42.4360048,48407328,2435340424,1572,,,,2024-04-01T16:38:46.434382,2025-12-21T10:30:42.436004,2024-04-01T16:38:46.434382,-54323516,TIMESTOMP_BACKDATE,"",80
38479,3,false,2145,2,.\PathUnknown\Directory with ID 0x00000861-00000002,System.Linq.Parallel.dll,.dll,21192,1,,false,false,false,true,false,false,Archive|RecallOnOpen,Windows,2024-04-01 16:38:46.4343825,2025-12-21 10:30:42.4360048,2024-04-01 16:38:46.4343825,2025-12-21 10:30:42.4360048,2025-12-21 10:37:14.8962622,2025-12-21 10:30:42.4360048,2025-12-21 10:37:14.8962622,2025-12-21 10:30:42.4360048,48407672,2435340642,1572,,,,2024-04-01T16:38:46.434382,2025-12-21T10:30:42.436004,2024-04-01T16:38:46.434382,-54323516,TIMESTOMP_BACKDATE,"",80
38480,3,false,2145,2,.\PathUnknown\Directory with ID 0x00000861-00000002,System.Linq.Queryable.dll,.dll,21192,1,,false,false,false,true,false,false,Archive|RecallOnOpen,Windows,2024-04-01 16:38:46.4500283,2025-12-21 10:30:42.4360048,2024-04-01 16:38:46.4500283,2025-12-21 10:30:42.4360048,2025-12-21 10:37:14.9014070,2025-12-21 10:30:42.4360048,2025-12-21 10:37:14.8989037,2025-12-21 10:30:42.4360048,48408008,2435340815,1572,,,,2024-04-01T16:38:46.450028,2025-12-21T10:30:42.436004,2024-04-01T16:38:46.450028,-54323515,TIMESTOMP_BACKDATE,"",80
38481,3,false,2145,2,.\PathUnknown\Directory with ID 0x00000861-00000002,System.Net.NameResolution.dll,.dll,21208,1,,false,false,false,true,false,false,Archive|RecallOnOpen,Windows,2024-04-01 16:38:46.4500283,2025-12-21 10:30:42.4360048,2024-04-01 16:38:46.4500283,2025-12-21 10:30:42.4360048,2025-12-21 10:37:14.9115653,2025-12-21 10:30:42.4360048,2025-12-21 10:37:14.9090654,2025-12-21 10:30:42.4360048,48408672,2435341376,1572,,,,2024-04-01T16:38:46.450028,2025-12-21T10:30:42.436004,2024-04-01T16:38:46.450028,-54323515,TIMESTOMP_BACKDATE,"",80
38484,3,false,2145,2,.\PathUnknown\Directory with ID 0x00000861-00000002,System.Net.NetworkInformation.dll,.dll,22248,1,,false,false,false,true,false,false,Archive|RecallOnOpen,Windows,2024-04-01 16:38:46.4500283,2025-12-21 10:30:42.4473023,2024-04-01 16:38:46.4500283,2025-12-21 10:30:42.4473023,2025-12-21 10:37:14.9139325,2025-12-21 10:30:42.4473023,2025-12-21 10:37:14.9115653,2025-12-21 10:30:42.4473023,48409048,2435341544,1572,,,,2024-04-01T16:38:46.450028,2025-12-21T10:30:42.447302,2024-04-01T16:38:46.450028,-54323515,TIMESTOMP_BACKDATE,"",80
38485,3,false,2145,2,.\PathUnknown\Directory with ID 0x00000861-00000002,System.Net.Ping.dll,.dll,21168,1,,false,false,false,true,false,false,Archive|RecallOnOpen,Windows,2024-04-01 16:38:46.4500283,2025-12-21 10:30:42.4473023,2024-04-01 16:38:46.4500283,2025-12-21 10:30:42.4473023,2025-12-21 10:37:14.9165552,2025-12-21 10:30:42.4473023,2025-12-21 10:37:14.9165552,2025-12-21 10:30:42.4473023,48409384,2435341709,1572,,,,2024-04-01T16:38:46.450028,2025-12-21T10:30:42.447302,2024-04-01T16:38:46.450028,-54323515,TIMESTOMP_BACKDATE,"",80
38486,3,false,2145,2,.\PathUnknown\Directory with ID 0x00000861-00000002,System.Net.Primitives.dll,.dll,22216,1,,false,false,false,true,false,false,Archive|RecallOnOpen,Windows,2024-04-01 16:38:46.4656361,2025-12-21 10:30:42.4473023,2024-04-01 16:38:46.4656361,2025-12-21 10:30:42.4473023,2025-12-21 10:37:14.9208889,2025-12-21 10:30:42.4473023,2025-12-21 10:37:14.9190264,2025-12-21 10:30:42.4473023,48409712,2435341885,1572,,,,2024-04-01T16:38:46.465636,2025-12-21T10:30:42.447302,2024-04-01T16:38:46.465636,-54323515,TIMESTOMP_BACKDATE,"",80
38487,3,false,2145,2,.\PathUnknown\Directory with ID 0x00000861-00000002,System.Net.Requests.dll,.dll,21184,1,,false,false,false,true,false,false,Archive|RecallOnOpen,Windows,2024-04-01 16:38:46.4656361,2025-12-21 10:30:42.4473023,2024-04-01 16:38:46.4656361,2025-12-21 10:30:42.4473023,2025-12-21 10:37:14.9234057,2025-12-21 10:30:42.4473023,2025-12-21 10:37:14.9208889,2025-12-21 10:30:42.4473023,48410048,2435342049,1572,,,,2024-04-01T16:38:46.465636,2025-12-21T10:30:42.447302,2024-04-01T16:38:46.465636,-54323515,TIMESTOMP_BACKDATE,"",80
38488,3,false,2145,2,.\PathUnknown\Directory with ID 0x00000861-00000002,System.Net.Security.dll,.dll,21696,1,,false,false,false,true,false,false,Archive|RecallOnOpen,Windows,2024-04-01 16:38:46.4656361,2025-12-21 10:30:42.4473023,2024-04-01 16:38:46.4656361,2025-12-21 10:30:42.4473023,2025-12-21 10:37:14.9259244,2025-12-21 10:30:42.4473023,2025-12-21 10:37:14.9259244,2025-12-21 10:30:42.4473023,48410384,2435342213,1572,,,,2024-04-01T16:38:46.465636,2025-12-21T10:30:42.447302,2024-04-01T16:38:46.465636,-54323515,TIMESTOMP_BACKDATE,"",80
38489,3,false,2145,2,.\PathUnknown\Directory with ID 0x00000861-00000002,System.Net.WebHeaderCollection.dll,.dll,21232,1,,false,false,false,true,false,false,Archive|RecallOnOpen,Windows,2024-04-01 16:38:46.4656361,2025-12-21 10:30:42.4473023,2024-04-01 16:38:46.4656361,2025-12-21 10:30:42.4473023,2025-12-21 10:37:14.9331815,2025-12-21 10:30:42.4473023,2025-12-21 10:37:14.9331815,2025-12-21 10:30:42.4473023,48411088,2435342625,1572,,,,2024-04-01T16:38:46.465636,2025-12-21T10:30:42.447302,2024-04-01T16:38:46.465636,-54323515,TIMESTOMP_BACKDATE,"",80
38490,3,false,2145,2,.\PathUnknown\Directory with ID 0x00000861-00000002,System.Net.Sockets.dll,.dll,30544,1,,false,false,false,true,false,false,Archive|RecallOnOpen,Windows,2024-04-01 16:38:46.4656361,2025-12-21 10:30:42.4473023,2024-04-01 16:38:46.4656361,2025-12-21 10:30:42.4473023,2025-12-21 10:37:14.9309751,2025-12-21 10:30:42.4473023,2025-12-21 10:37:14.9284820,2025-12-21 10:30:42.4473023,48410728,2435342459,1572,,,,2024-04-01T16:38:46.465636,2025-12-21T10:30:42.447302,2024-04-01T16:38:46.465636,-54323515,TIMESTOMP_BACKDATE,"",80
38491,3,false,2145,2,.\PathUnknown\Directory with ID 0x00000861-00000002,System.Net.WebSockets.Client.dll,.dll,21224,1,,false,false,false,true,false,false,Archive|RecallOnOpen,Windows,2024-04-01 16:38:46.4656361,2025-12-21 10:30:42.4473023,2024-04-01 16:38:46.4656361,2025-12-21 10:30:42.4473023,2025-12-21 10:37:14.9373239,2025-12-21 10:30:42.4473023,2025-12-21 10:37:14.9356912,2025-12-21 10:30:42.4473023,48411472,2435342856,1572,,,,2024-04-01T16:38:46.465636,2025-12-21T10:30:42.447302,2024-04-01T16:38:46.465636,-54323515,TIMESTOMP_BACKDATE,"",80
38492,3,false,2145,2,.\PathUnknown\Directory with ID 0x00000861-00000002,System.Net.WebSockets.dll,.dll,21192,1,,false,false,false,true,false,false,Archive|RecallOnOpen,Windows,2024-04-01 16:38:46.4656361,2025-12-21 10:30:42.4473023,2024-04-01 16:38:46.4656361,2025-12-21 10:30:42.4473023,2025-12-21 10:37:14.9394219,2025-12-21 10:30:42.4473023,2025-12-21 10:37:14.9373239,2025-12-21 10:30:42.4473023,48411824,2435343023,1572,,,,2024-04-01T16:38:46.465636,2025-12-21T10:30:42.447302,2024-04-01T16:38:46.465636,-54323515,TIMESTOMP_BACKDATE,"",80
38493,3,false,2145,2,.\PathUnknown\Directory with ID 0x00000861-00000002,System.ObjectModel.dll,.dll,21696,1,,false,false,false,true,false,false,Archive|RecallOnOpen,Windows,2024-04-01 16:38:46.4817309,2025-12-21 10:30:42.4473023,2024-04-01 16:38:46.4817309,2025-12-21 10:30:42.4473023,2025-12-21 10:37:14.9419199,2025-12-21 10:30:42.4473023,2025-12-21 10:37:14.9419199,2025-12-21 10:30:42.4473023,48412144,2435343432,1572,,,,2024-04-01T16:38:46.481730,2025-12-21T10:30:42.447302,2024-04-01T16:38:46.481730,-54323515,TIMESTOMP_BACKDATE,"",80
38494,3,false,2145,2,.\PathUnknown\Directory with ID 0x00000861-00000002,System.Reflection.dll,.dll,22200,1,,false,false,false,true,false,false,Archive|RecallOnOpen,Windows,2024-04-01 16:38:46.4817309,2025-12-21 10:30:42.4499316,2024-04-01 16:38:46.4817309,2025-12-21 10:30:42.4499316,2025-12-21 10:37:14.9444740,2025-12-21 10:30:42.4499316,2025-12-21 10:37:14.9444740,2025-12-21 10:30:42.4499316,48412456,2435343595,1572,,,,2024-04-01T16:38:46.481730,2025-12-21T10:30:42.449931,2024-04-01T16:38:46.481730,-54323515,TIMESTOMP_BACKDATE,"",80
38495,3,false,2145,2,.\PathUnknown\Directory with ID 0x00000861-00000002,System.Reflection.Extensions.dll,.dll,21224,1,,false,false,false,true,false,false,Archive|RecallOnOpen,Windows,2024-04-01 16:38:46.4817309,2025-12-21 10:30:42.4499316,2024-04-01 16:38:46.4817309,2025-12-21 10:30:42.4499316,2025-12-21 10:37:14.9466395,2025-12-21 10:30:42.4499316,2025-12-21 10:37:14.9466395,2025-12-21 10:30:42.4499316,48412816,2435343761,1572,,,,2024-04-01T16:38:46.481730,2025-12-21T10:30:42.449931,2024-04-01T16:38:46.481730,-54323515,TIMESTOMP_BACKDATE,"",80
38496,3,false,2145,2,.\PathUnknown\Directory with ID 0x00000861-00000002,System.Reflection.Primitives.dll,.dll,21736,1,,false,false,false,true,false,false,Archive|RecallOnOpen,Windows,2024-04-01 16:38:46.4817309,2025-12-21 10:30:42.4499316,2024-04-01 16:38:46.4817309,2025-12-21 10:30:42.4499316,2025-12-21 10:37:14.9513117,2025-12-21 10:30:42.4499316,2025-12-21 10:37:14.9487964,2025-12-21 10:30:42.4499316,48413200,2435343938,1572,,,,2024-04-01T16:38:46.481730,2025-12-21T10:30:42.449931,2024-04-01T16:38:46.481730,-54323515,TIMESTOMP_BACKDATE,"",80
38497,3,false,2145,2,.\PathUnknown\Directory with ID 0x00000861-00000002,System.Resources.Reader.dll,.dll,21200,1,,false,false,false,true,false,false,Archive|RecallOnOpen,Windows,2024-04-01 16:38:46.4817309,2025-12-21 10:30:42.4499316,2024-04-01 16:38:46.4817309,2025-12-21 10:30:42.4499316,2025-12-21 10:37:14.9533280,2025-12-21 10:30:42.4499316,2025-12-21 10:37:14.9533280,2025-12-21 10:30:42.4499316,48413568,2435344157,1572,,,,2024-04-01T16:38:46.481730,2025-12-21T10:30:42.449931,2024-04-01T16:38:46.481730,-54323515,TIMESTOMP_BACKDATE,"",80
38498,3,false,2145,2,.\PathUnknown\Directory with ID 0x00000861-00000002,System.Resources.ResourceManager.dll,.dll,21232,1,,false,false,false,true,false,false,Archive|RecallOnOpen,Windows,2024-04-01 16:38:46.4817309,2025-12-21 10:30:42.4499316,2024-04-01 16:38:46.4817309,2025-12-21 10:30:42.4499316,2025-12-21 10:37:14.9558357,2025-12-21 10:30:42.4499316,2025-12-21 10:37:14.9558357,2025-12-21 10:30:42.4499316,48413960,2435344326,1572,,,,2024-04-01T16:38:46.481730,2025-12-21T10:30:42.449931,2024-04-01T16:38:46.481730,-54323515,TIMESTOMP_BACKDATE,"",80
38499,3,false,2145,2,.\PathUnknown\Directory with ID 0x00000861-00000002,System.Resources.Writer.dll,.dll,21200,1,,false,false,false,true,false,false,Archive|RecallOnOpen,Windows,2024-04-01 16:38:46.4817309,2025-12-21 10:30:42.4499316,2024-04-01 16:38:46.4817309,2025-12-21 10:30:42.4499316,2025-12-21 10:37:14.9583606,2025-12-21 10:30:42.4499316,2025-12-21 10:37:14.9583606,2025-12-21 10:30:42.4499316,48414336,2435344554,1572,,,,2024-04-01T16:38:46.481730,2025-12-21T10:30:42.449931,2024-04-01T16:38:46.481730,-54323515,TIMESTOMP_BACKDATE,"",80
38500,3,false,2145,2,.\PathUnknown\Directory with ID 0x00000861-00000002,System.Runtime.CompilerServices.VisualC.dll,.dll,21784,1,,false,false,false,true,false,false,Archive|RecallOnOpen,Windows,2024-04-01 16:38:46.4969112,2025-12-21 10:30:42.4499316,2024-04-01 16:38:46.4969112,2025-12-21 10:30:42.4499316,2025-12-21 10:37:14.9631039,2025-12-21 10:30:42.4499316,2025-12-21 10:37:14.9609056,2025-12-21 10:30:42.4499316,48414872,2435345053,1572,,,,2024-04-01T16:38:46.496911,2025-12-21T10:30:42.449931,2024-04-01T16:38:46.496911,-54323515,TIMESTOMP_BACKDATE,"",80
38501,3,false,2145,2,.\PathUnknown\Directory with ID 0x00000861-00000002,System.Runtime.Extensions.dll,.dll,21720,1,,false,false,false,true,false,false,Archive|RecallOnOpen,Windows,2024-04-01 16:38:46.4969112,2025-12-21 10:30:42.4499316,2024-04-01 16:38:46.4969112,2025-12-21 10:30:42.4499316,2025-12-21 10:37:14.9674560,2025-12-21 10:30:42.4499316,2025-12-21 10:37:14.9674560,2025-12-21 10:30:42.4499316,48415552,2435345470,1572,,,,2024-04-01T16:38:46.496911,2025-12-21T10:30:42.449931,2024-04-01T16:38:46.496911,-54323515,TIMESTOMP_BACKDATE,"",80
38502,3,false,2145,2,.\PathUnknown\Directory with ID 0x00000861-00000002,System.Runtime.dll,.dll,29360,1,,false,false,false,true,false,false,Archive|RecallOnOpen,Windows,2024-04-01 16:38:46.4969112,2025-12-21 10:30:42.4524382,2024-04-01 16:38:46.4969112,2025-12-21 10:30:42.4524382,2025-12-21 10:37:14.9651502,2025-12-21 10:30:42.4524382,2025-12-21 10:37:14.9651502,2025-12-21 10:30:42.4524382,48415216,2435345293,1572,,,,2024-04-01T16:38:46.496911,2025-12-21T10:30:42.452438,2024-04-01T16:38:46.496911,-54323515,TIMESTOMP_BACKDATE,"",80
38503,3,false,2145,2,.\PathUnknown\Directory with ID 0x00000861-00000002,System.Net.Http.dll,.dll,198472,1,,false,false,false,true,false,false,Archive|RecallOnOpen,Windows,2024-04-01 16:38:46.4500283,2025-12-21 10:30:42.4524382,2024-04-01 16:38:46.4500283,2025-12-21 10:30:42.4524382,2025-12-21 10:37:14.9064136,2025-12-21 10:30:42.4524382,2025-12-21 10:37:14.9064136,2025-12-21 10:30:42.4524382,48408328,2435341203,1572,,,,2024-04-01T16:38:46.450028,2025-12-21T10:30:42.452438,2024-04-01T16:38:46.450028,-54323516,TIMESTOMP_BACKDATE,"",80
38504,3,false,2145,2,.\PathUnknown\Directory with ID 0x00000861-00000002,System.Runtime.Handles.dll,.dll,21200,1,,false,false,false,true,false,false,Archive|RecallOnOpen,Windows,2024-04-01 16:38:46.4969112,2025-12-21 10:30:42.4524382,2024-04-01 16:38:46.4969112,2025-12-21 10:30:42.4524382,2025-12-21 10:37:14.9697316,2025-12-21 10:30:42.4524382,2025-12-21 10:37:14.9697316,2025-12-21 10:30:42.4524382,48415896,2435345636,1572,,,,2024-04-01T16:38:46.496911,2025-12-21T10:30:42.452438,2024-04-01T16:38:46.496911,-54323515,TIMESTOMP_BACKDATE,"",80
38505,3,false,2145,2,.\PathUnknown\Directory with ID 0x00000861-00000002,System.Runtime.InteropServices.dll,.dll,24296,1,,false,false,false,true,false,false,Archive|RecallOnOpen,Windows,2024-04-01 16:38:46.4969112,2025-12-21 10:30:42.4524382,2024-04-01 16:38:46.4969112,2025-12-21 10:30:42.4524382,2025-12-21 10:37:14.9723016,2025-12-21 10:30:42.4524382,2025-12-21 10:37:14.9723016,2025-12-21 10:30:42.4524382,48416264,2435345803,1572,,,,2024-04-01T16:38:46.496911,2025-12-21T10:30:42.452438,2024-04-01T16:38:46.496911,-54323515,TIMESTOMP_BACKDATE,"",80
38506,3,false,2145,2,.\PathUnknown\Directory with ID 0x00000861-00000002,System.Runtime.Numerics.dll,.dll,21200,1,,false,false,false,true,false,false,Archive|RecallOnOpen,Windows,2024-04-01 16:38:46.4969112,2025-12-21 10:30:42.4524382,2024-04-01 16:38:46.4969112,2025-12-21 10:30:42.4524382,2025-12-21 10:37:14.9772243,2025-12-21 10:30:42.4524382,2025-12-21 10:37:14.9772243,2025-12-21 10:30:42.4524382,48417136,2435346160,1572,,,,2024-04-01T16:38:46.496911,2025-12-21T10:30:42.452438,2024-04-01T16:38:46.496911,-54323515,TIMESTOMP_BACKDATE,"",80
38507,3,false,2145,2,.\PathUnknown\Directory with ID 0x00000861-00000002,System.Runtime.Serialization.Formatters.dll,.dll,21264,1,,false,false,false,true,false,false,Archive|RecallOnOpen,Windows,2024-04-01 16:38:46.4969112,2025-12-21 10:30:42.4524382,2024-04-01 16:38:46.4969112,2025-12-21 10:30:42.4524382,2025-12-21 10:37:14.9797673,2025-12-21 10:30:42.4524382,2025-12-21 10:37:14.9797673,2025-12-21 10:30:42.4524382,48417560,2435346330,1572,,,,2024-04-01T16:38:46.496911,2025-12-21T10:30:42.452438,2024-04-01T16:38:46.496911,-54323515,TIMESTOMP_BACKDATE,"",80
38508,3,false,2145,2,.\PathUnknown\Directory with ID 0x00000861-00000002,System.Runtime.InteropServices.RuntimeInformation.dll,.dll,28624,1,,false,false,false,true,false,false,Archive|RecallOnOpen,Windows,2024-04-01 16:38:46.4969112,2025-12-21 10:30:42.4524382,2024-04-01 16:38:46.4969112,2025-12-21 10:30:42.4524382,2025-12-21 10:37:14.9747030,2025-12-21 10:30:42.4524382,2025-12-21 10:37:14.9747030,2025-12-21 10:30:42.4524382,48416728,2435345988,1572,,,,2024-04-01T16:38:46.496911,2025-12-21T10:30:42.452438,2024-04-01T16:38:46.496911,-54323515,TIMESTOMP_BACKDATE,"",80
38509,3,false,2145,2,.\PathUnknown\Directory with ID 0x00000861-00000002,System.Runtime.Serialization.Json.dll,.dll,21240,1,,false,false,false,true,false,false,Archive|RecallOnOpen,Windows,2024-04-01 16:38:46.5125603,2025-12-21 10:30:42.4524382,2024-04-01 16:38:46.5125603,2025-12-21 10:30:42.4524382,2025-12-21 10:37:14.9819530,2025-12-21 10:30:42.4524382,2025-12-21 10:37:14.9819530,2025-12-21 10:30:42.4524382,48417984,2435346511,1572,,,,2024-04-01T16:38:46.512560,2025-12-21T10:30:42.452438,2024-04-01T16:38:46.512560,-54323515,TIMESTOMP_BACKDATE,"",80
38510,3,false,2145,2,.\PathUnknown\Directory with ID 0x00000861-00000002,System.Security.Claims.dll,.dll,21200,1,,false,false,false,true,false,false,Archive|RecallOnOpen,Windows,2024-04-01 16:38:46.5125603,2025-12-21 10:30:42.4524382,2024-04-01 16:38:46.5125603,2025-12-21 10:30:42.4524382,2025-12-21 10:37:14.9905134,2025-12-21 10:30:42.4524382,2025-12-21 10:37:14.9905134,2025-12-21 10:30:42.4524382,48419312,2435347084,1572,,,,2024-04-01T16:38:46.512560,2025-12-21T10:30:42.452438,2024-04-01T16:38:46.512560,-54323515,TIMESTOMP_BACKDATE,"",80
38511,3,false,2145,2,.\PathUnknown\Directory with ID 0x00000861-00000002,System.Runtime.Serialization.Xml.dll,.dll,24816,1,,false,false,false,true,false,false,Archive|RecallOnOpen,Windows,2024-04-01 16:38:46.5125603,2025-12-21 10:30:42.4524382,2024-04-01 16:38:46.5125603,2025-12-21 10:30:42.4524382,2025-12-21 10:37:14.9880616,2025-12-21 10:30:42.4524382,2025-12-21 10:37:14.9859431,2025-12-21 10:30:42.4524382,48418952,2435346908,1572,,,,2024-04-01T16:38:46.512560,2025-12-21T10:30:42.452438,2024-04-01T16:38:46.512560,-54323515,TIMESTOMP_BACKDATE,"",80
38512,3,false,2145,2,.\PathUnknown\Directory with ID 0x00000861-00000002,System.Runtime.Serialization.Primitives.dll,.dll,27048,1,,false,false,false,true,false,false,Archive|RecallOnOpen,Windows,2024-04-01 16:38:46.5125603,2025-12-21 10:30:42.4524382,2024-04-01 16:38:46.5125603,2025-12-21 10:30:42.4524382,2025-12-21 10:37:14.9859431,2025-12-21 10:30:42.4524382,2025-12-21 10:37:14.9844679,2025-12-21 10:30:42.4524382,48418424,2435346683,1572,,,,2024-04-01T16:38:46.512560,2025-12-21T10:30:42.452438,2024-04-01T16:38:46.512560,-54323515,TIMESTOMP_BACKDATE,"",80
38513,3,false,2145,2,.\PathUnknown\Directory with ID 0x00000861-00000002,System.Security.Cryptography.Algorithms.dll,.dll,47016,1,,false,false,false,true,false,false,Archive|RecallOnOpen,Windows,2024-04-01 16:38:46.5125603,2025-12-21 10:30:42.4524382,2024-04-01 16:38:46.5125603,2025-12-21 10:30:42.4524382,2025-12-21 10:37:14.9926059,2025-12-21 10:30:42.4524382,2025-12-21 10:37:14.9926059,2025-12-21 10:30:42.4524382,48419728,2435347253,1572,,,,2024-04-01T16:38:46.512560,2025-12-21T10:30:42.452438,2024-04-01T16:38:46.512560,-54323515,TIMESTOMP_BACKDATE,"",80
38514,3,false,2145,2,.\PathUnknown\Directory with ID 0x00000861-00000002,System.Security.Cryptography.Csp.dll,.dll,21240,1,,false,false,false,true,false,false,Archive|RecallOnOpen,Windows,2024-04-01 16:38:46.5125603,2025-12-21 10:30:42.4549083,2024-04-01 16:38:46.5125603,2025-12-21 10:30:42.4549083,2025-12-21 10:37:14.9947890,2025-12-21 10:30:42.4549083,2025-12-21 10:37:14.9947890,2025-12-21 10:30:42.4549083,48420152,2435347426,1572,,,,2024-04-01T16:38:46.512560,2025-12-21T10:30:42.454908,2024-04-01T16:38:46.512560,-54323515,TIMESTOMP_BACKDATE,"",80
38515,3,false,2145,2,.\PathUnknown\Directory with ID 0x00000861-00000002,System.Security.Cryptography.Encoding.dll,.dll,21256,1,,false,false,false,true,false,false,Archive|RecallOnOpen,Windows,2024-04-01 16:38:46.5125603,2025-12-21 10:30:42.4549083,2024-04-01 16:38:46.5125603,2025-12-21 10:30:42.4549083,2025-12-21 10:37:14.9970798,2025-12-21 10:30:42.4549083,2025-12-21 10:37:14.9970798,2025-12-21 10:30:42.4549083,48420576,2435347740,1572,,,,2024-04-01T16:38:46.512560,2025-12-21T10:30:42.454908,2024-04-01T16:38:46.512560,-54323515,TIMESTOMP_BACKDATE,"",80
38516,3,false,2145,2,.\PathUnknown\Directory with ID 0x00000861-00000002,System.Security.Cryptography.Primitives.dll,.dll,21784,1,,false,false,false,true,false,false,Archive|RecallOnOpen,Windows,2024-04-01 16:38:46.5125603,2025-12-21 10:30:42.4549083,2024-04-01 16:38:46.5125603,2025-12-21 10:30:42.4549083,2025-12-21 10:37:15.0021172,2025-12-21 10:30:42.4549083,2025-12-21 10:37:14.9996967,2025-12-21 10:30:42.4549083,48421024,2435347913,1572,,,,2024-04-01T16:38:46.512560,2025-12-21T10:30:42.454908,2024-04-01T16:38:46.512560,-54323515,TIMESTOMP_BACKDATE,"",80
38517,3,false,2145,2,.\PathUnknown\Directory with ID 0x00000861-00000002,System.Security.Cryptography.X509Certificates.dll,.dll,22832,1,,false,false,false,true,false,false,Archive|RecallOnOpen,Windows,2024-04-01 16:38:46.5281405,2025-12-21 10:30:42.4549083,2024-04-01 16:38:46.5281405,2025-12-21 10:30:42.4549083,2025-12-21 10:37:15.0046623,2025-12-21 10:30:42.4549083,2025-12-21 10:37:15.0046623,2025-12-21 10:30:42.4549083,48421496,2435348097,1572,,,,2024-04-01T16:38:46.528140,2025-12-21T10:30:42.454908,2024-04-01T16:38:46.528140,-54323515,TIMESTOMP_BACKDATE,"",80
38518,3,false,2145,2,.\PathUnknown\Directory with ID 0x00000861-00000002,System.Security.Principal.dll,.dll,21208,1,,false,false,false,true,false,false,Archive|RecallOnOpen,Windows,2024-04-01 16:38:46.5281405,2025-12-21 10:30:42.4549083,2024-04-01 16:38:46.5281405,2025-12-21 10:30:42.4549083,2025-12-21 10:37:15.0072369,2025-12-21 10:30:42.4549083,2025-12-21 10:37:15.0072369,2025-12-21 10:30:42.4549083,48421896,2435348269,1572,,,,2024-04-01T16:38:46.528140,2025-12-21T10:30:42.454908,2024-04-01T16:38:46.528140,-54323515,TIMESTOMP_BACKDATE,"",80
38519,3,false,2145,2,.\PathUnknown\Directory with ID 0x00000861-00000002,System.Security.SecureString.dll,.dll,22392,1,,false,false,false,true,false,false,Archive|RecallOnOpen,Windows,2024-04-01 16:38:46.5281405,2025-12-21 10:30:42.4549083,2024-04-01 16:38:46.5281405,2025-12-21 10:30:42.4549083,2025-12-21 10:37:15.0097473,2025-12-21 10:30:42.4549083,2025-12-21 10:37:15.0097473,2025-12-21 10:30:42.4549083,48422272,2435348437,1572,,,,2024-04-01T16:38:46.528140,2025-12-21T10:30:42.454908,2024-04-01T16:38:46.528140,-54323515,TIMESTOMP_BACKDATE,"",80
38520,3,false,2145,2,.\PathUnknown\Directory with ID 0x00000861-00000002,System.Text.Encoding.dll,.dll,21696,1,,false,false,false,true,false,false,Archive|RecallOnOpen,Windows,2024-04-01 16:38:46.5281405,2025-12-21 10:30:42.4549083,2024-04-01 16:38:46.5281405,2025-12-21 10:30:42.4549083,2025-12-21 10:37:15.0144013,2025-12-21 10:30:42.4549083,2025-12-21 10:37:15.0123082,2025-12-21 10:30:42.4549083,48422624,2435348664,1572,,,,2024-04-01T16:38:46.528140,2025-12-21T10:30:42.454908,2024-04-01T16:38:46.528140,-54323515,TIMESTOMP_BACKDATE,"",80
38521,3,false,2145,2,.\PathUnknown\Directory with ID 0x00000861-00000002,System.Text.Encoding.Extensions.dll,.dll,21232,1,,false,false,false,true,false,false,Archive|RecallOnOpen,Windows,2024-04-01 16:38:46.5281405,2025-12-21 10:30:42.4549083,2024-04-01 16:38:46.5281405,2025-12-21 10:30:42.4549083,2025-12-21 10:37:15.0164608,2025-12-21 10:30:42.4549083,2025-12-21 10:37:15.0164608,2025-12-21 10:30:42.4549083,48423048,2435348880,1572,,,,2024-04-01T16:38:46.528140,2025-12-21T10:30:42.454908,2024-04-01T16:38:46.528140,-54323515,TIMESTOMP_BACKDATE,"",80
38522,3,false,2145,2,.\PathUnknown\Directory with ID 0x00000861-00000002,System.Text.RegularExpressions.dll,.dll,21232,1,,false,false,false,true,false,false,Archive|RecallOnOpen,Windows,2024-04-01 16:38:46.5281405,2025-12-21 10:30:42.4549083,2024-04-01 16:38:46.5281405,2025-12-21 10:30:42.4549083,2025-12-21 10:37:15.0207226,2025-12-21 10:30:42.4549083,2025-12-21 10:37:15.0186070,2025-12-21 10:30:42.4549083,48423440,2435349058,1572,,,,2024-04-01T16:38:46.528140,2025-12-21T10:30:42.454908,2024-04-01T16:38:46.528140,-54323515,TIMESTOMP_BACKDATE,"",80
38523,3,false,2145,2,.\PathUnknown\Directory with ID 0x00000861-00000002,System.Threading.dll,.dll,22192,1,,false,false,false,true,false,false,Archive|RecallOnOpen,Windows,2024-04-01 16:38:46.5281405,2025-12-21 10:30:42.4549083,2024-04-01 16:38:46.5281405,2025-12-21 10:30:42.4549083,2025-12-21 10:37:15.0232511,2025-12-21 10:30:42.4549083,2025-12-21 10:37:15.0232511,2025-12-21 10:30:42.4549083,48423776,2435349224,1572,,,,2024-04-01T16:38:46.528140,2025-12-21T10:30:42.454908,2024-04-01T16:38:46.528140,-54323515,TIMESTOMP_BACKDATE,"",80
38524,3,false,2145,2,.\PathUnknown\Directory with ID 0x00000861-00000002,System.Threading.Overlapped.dll,.dll,37752,1,,false,false,false,true,false,false,Archive|RecallOnOpen,Windows,2024-04-01 16:38:46.5437678,2025-12-21 10:30:42.4570410,2024-04-01 16:38:46.5437678,2025-12-21 10:30:42.4570410,2025-12-21 10:37:15.0258222,2025-12-21 10:30:42.4570410,2025-12-21 10:37:15.0258222,2025-12-21 10:30:42.4570410,48424136,2435349389,1572,,,,2024-04-01T16:38:46.543767,2025-12-21T10:30:42.457041,2024-04-01T16:38:46.543767,-54323515,TIMESTOMP_BACKDATE,"",80
38525,3,false,2145,2,.\PathUnknown\Directory with ID 0x00000861-00000002,System.Threading.Tasks.dll,.dll,22224,1,,false,false,false,true,false,false,Archive|RecallOnOpen,Windows,2024-04-01 16:38:46.5437678,2025-12-21 10:30:42.4570410,2024-04-01 16:38:46.5437678,2025-12-21 10:30:42.4570410,2025-12-21 10:37:15.0283764,2025-12-21 10:30:42.4570410,2025-12-21 10:37:15.0283764,2025-12-21 10:30:42.4570410,48424488,2435349565,1572,,,,2024-04-01T16:38:46.543767,2025-12-21T10:30:42.457041,2024-04-01T16:38:46.543767,-54323515,TIMESTOMP_BACKDATE,"",80
38526,3,false,2145,2,.\PathUnknown\Directory with ID 0x00000861-00000002,System.Threading.Tasks.Parallel.dll,.dll,21232,1,,false,false,false,true,false,false,Archive|RecallOnOpen,Windows,2024-04-01 16:38:46.5437678,2025-12-21 10:30:42.4570410,2024-04-01 16:38:46.5437678,2025-12-21 10:30:42.4570410,2025-12-21 10:37:15.0333307,2025-12-21 10:30:42.4570410,2025-12-21 10:37:15.0308992,2025-12-21 10:30:42.4570410,48424872,2435350071,1572,,,,2024-04-01T16:38:46.543767,2025-12-21T10:30:42.457041,2024-04-01T16:38:46.543767,-54323515,TIMESTOMP_BACKDATE,"",80
38527,3,false,2145,2,.\PathUnknown\Directory with ID 0x00000861-00000002,System.Threading.Thread.dll,.dll,21200,1,,false,false,false,true,false,false,Archive|RecallOnOpen,Windows,2024-04-01 16:38:46.5437678,2025-12-21 10:30:42.4570410,2024-04-01 16:38:46.5437678,2025-12-21 10:30:42.4570410,2025-12-21 10:37:15.0348349,2025-12-21 10:30:42.4570410,2025-12-21 10:37:15.0348349,2025-12-21 10:30:42.4570410,48425248,2435350303,1572,,,,2024-04-01T16:38:46.543767,2025-12-21T10:30:42.457041,2024-04-01T16:38:46.543767,-54323515,TIMESTOMP_BACKDATE,"",80
38528,3,false,2145,2,.\PathUnknown\Directory with ID 0x00000861-00000002,System.Threading.ThreadPool.dll,.dll,21216,1,,false,false,false,true,false,false,Archive|RecallOnOpen,Windows,2024-04-01 16:38:46.5437678,2025-12-21 10:30:42.4570410,2024-04-01 16:38:46.5437678,2025-12-21 10:30:42.4570410,2025-12-21 10:37:15.0373556,2025-12-21 10:30:42.4570410,2025-12-21 10:37:15.0373556,2025-12-21 10:30:42.4570410,48425624,2435350522,1572,,,,2024-04-01T16:38:46.543767,2025-12-21T10:30:42.457041,2024-04-01T16:38:46.543767,-54323515,TIMESTOMP_BACKDATE,"",80
38529,3,false,2145,2,.\PathUnknown\Directory with ID 0x00000861-00000002,System.Threading.Timer.dll,.dll,21200,1,,false,false,false,true,false,false,Archive|RecallOnOpen,Windows,2024-04-01 16:38:46.5594134,2025-12-21 10:30:42.4570410,2024-04-01 16:38:46.5594134,2025-12-21 10:30:42.4570410,2025-12-21 10:37:15.0399310,2025-12-21 10:30:42.4570410,2025-12-21 10:37:15.0399310,2025-12-21 10:30:42.4570410,48425976,2435350825,1572,,,,2024-04-01T16:38:46.559413,2025-12-21T10:30:42.457041,2024-04-01T16:38:46.559413,-54323515,TIMESTOMP_BACKDATE,"",80
38530,3,false,2145,2,.\PathUnknown\Directory with ID 0x00000861-00000002,System.Xml.ReaderWriter.dll,.dll,21712,1,,false,false,false,true,false,false,Archive|RecallOnOpen,Windows,2024-04-01 16:38:46.5594134,2025-12-21 10:30:42.4570410,2024-04-01 16:38:46.5594134,2025-12-21 10:30:42.4570410,2025-12-21 10:37:15.0468595,2025-12-21 10:30:42.4570410,2025-12-21 10:37:15.0468595,2025-12-21 10:30:42.4570410,48426640,2435351277,1572,,,,2024-04-01T16:38:46.559413,2025-12-21T10:30:42.457041,2024-04-01T16:38:46.559413,-54323515,TIMESTOMP_BACKDATE,"",80
38531,3,false,2145,2,.\PathUnknown\Directory with ID 0x00000861-00000002,System.Xml.XDocument.dll,.dll,21696,1,,false,false,false,true,false,false,Archive|RecallOnOpen,Windows,2024-04-01 16:38:46.5594134,2025-12-21 10:30:42.4570410,2024-04-01 16:38:46.5594134,2025-12-21 10:30:42.4570410,2025-12-21 10:37:15.0491127,2025-12-21 10:30:42.4570410,2025-12-21 10:37:15.0491127,2025-12-21 10:30:42.4570410,48427008,2435351495,1572,,,,2024-04-01T16:38:46.559413,2025-12-21T10:30:42.457041,2024-04-01T16:38:46.559413,-54323515,TIMESTOMP_BACKDATE,"",80
38532,3,false,2145,2,.\PathUnknown\Directory with ID 0x00000861-00000002,System.Xml.XmlDocument.dll,.dll,21712,1,,false,false,false,true,false,false,Archive|RecallOnOpen,Windows,2024-04-01 16:38:46.5594134,2025-12-21 10:30:42.4570410,2024-04-01 16:38:46.5594134,2025-12-21 10:30:42.4570410,2025-12-21 10:37:15.0513091,2025-12-21 10:30:42.4570410,2025-12-21 10:37:15.0513091,2025-12-21 10:30:42.4570410,48427344,2435351732,1572,,,,2024-04-01T16:38:46.559413,2025-12-21T10:30:42.457041,2024-04-01T16:38:46.559413,-54323515,TIMESTOMP_BACKDATE,"",80
38533,3,false,2145,2,.\PathUnknown\Directory with ID 0x00000861-00000002,System.Xml.XmlSerializer.dll,.dll,21712,1,,false,false,false,true,false,false,Archive|RecallOnOpen,Windows,2024-04-01 16:38:46.5594134,2025-12-21 10:30:42.4570410,2024-04-01 16:38:46.5594134,2025-12-21 10:30:42.4570410,2025-12-21 10:37:15.0538752,2025-12-21 10:30:42.4570410,2025-12-21 10:37:15.0538752,2025-12-21 10:30:42.4570410,48427696,2435351898,1572,,,,2024-04-01T16:38:46.559413,2025-12-21T10:30:42.457041,2024-04-01T16:38:46.559413,-54323515,TIMESTOMP_BACKDATE,"",80
38534,3,false,2145,2,.\PathUnknown\Directory with ID 0x00000861-00000002,System.Xml.XPath.dll,.dll,21176,1,,false,false,false,true,false,false,Archive|RecallOnOpen,Windows,2024-04-01 16:38:46.5594134,2025-12-21 10:30:42.4570410,2024-04-01 16:38:46.5750101,2025-12-21 10:30:42.4570410,2025-12-21 10:37:15.0563111,2025-12-21 10:30:42.4570410,2025-12-21 10:37:15.0563111,2025-12-21 10:30:42.4570410,48428024,2435352072,1572,,,,2024-04-01T16:38:46.559413,2025-12-21T10:30:42.457041,2024-04-01T16:38:46.575010,-54323515,TIMESTOMP_BACKDATE,"",80
38535,3,false,2145,2,.\PathUnknown\Directory with ID 0x00000861-00000002,System.Xml.XPath.XDocument.dll,.dll,22904,1,,false,false,false,true,false,false,Archive|RecallOnOpen,Windows,2024-04-01 16:38:46.5750101,2025-12-21 10:30:42.4570410,2024-04-01 16:38:46.5750101,2025-12-21 10:30:42.4570410,2025-12-21 10:37:15.0585634,2025-12-21 10:30:42.4570410,2025-12-21 10:37:15.0585634,2025-12-21 10:30:42.4570410,48428368,2435352237,1572,,,,2024-04-01T16:38:46.575010,2025-12-21T10:30:42.457041,2024-04-01T16:38:46.575010,-54323515,TIMESTOMP_BACKDATE,"",80
38536,3,false,2145,2,.\PathUnknown\Directory with ID 0x00000861-00000002,System.ValueTuple.dll,.dll,79176,1,,false,false,false,true,false,false,Archive|RecallOnOpen,Windows,2024-04-01 16:38:46.5594134,2025-12-21 10:30:42.4570410,2024-04-01 16:38:46.5594134,2025-12-21 10:30:42.4570410,2025-12-21 10:37:15.0445467,2025-12-21 10:30:42.4570410,2025-12-21 10:37:15.0424346,2025-12-21 10:30:42.4570410,48426296,2435351061,1572,,,,2024-04-01T16:38:46.559413,2025-12-21T10:30:42.457041,2024-04-01T16:38:46.559413,-54323515,TIMESTOMP_BACKDATE,"",80
38537,3,false,2145,2,.\PathUnknown\Directory with ID 0x00000861-00000002,WinStore.Interop.dll,.dll,27136,1,,false,false,false,true,false,false,Archive|RecallOnOpen,Windows,2024-04-01 16:38:46.5750101,2025-12-21 10:30:42.4570410,2024-04-01 16:38:46.5750101,2025-12-21 10:30:42.4570410,2025-12-21 10:37:15.0678777,2025-12-21 10:30:42.4570410,2025-12-21 10:37:15.0662978,2025-12-21 10:30:42.4570410,48429056,2435352569,1572,,,,2024-04-01T16:38:46.575010,2025-12-21T10:30:42.457041,2024-04-01T16:38:46.575010,-54323515,TIMESTOMP_BACKDATE,"",80
38538,3,false,2145,2,.\PathUnknown\Directory with ID 0x00000861-00000002,WinStore.Polyfills.dll,.dll,20480,1,,false,false,false,true,false,false,Archive|RecallOnOpen,Windows,2024-04-01 16:38:46.5750101,2025-12-21 10:30:42.4570410,2024-04-01 16:38:46.5750101,2025-12-21 10:30:42.4570410,2025-12-21 10:37:15.0704607,2025-12-21 10:30:42.4570410,2025-12-21 10:37:15.0678777,2025-12-21 10:30:42.4570410,48429368,2435352740,1572,,,,2024-04-01T16:38:46.575010,2025-12-21T10:30:42.457041,2024-04-01T16:38:46.575010,-54323515,TIMESTOMP_BACKDATE,"",80
38540,3,false,2145,2,.\PathUnknown\Directory with ID 0x00000861-00000002,WinStore.Services.Abstractions.dll,.dll,22528,1,,false,false,false,true,false,false,Archive|RecallOnOpen,Windows,2024-04-01 16:38:46.5750101,2025-12-21 10:30:42.4596172,2024-04-01 16:38:46.5750101,2025-12-21 10:30:42.4596172,2025-12-21 10:37:15.0729724,2025-12-21 10:30:42.4596172,2025-12-21 10:37:15.0704607,2025-12-21 10:30:42.4596172,48429728,2435352906,1572,,,,2024-04-01T16:38:46.575010,2025-12-21T10:30:42.459617,2024-04-01T16:38:46.575010,-54323515,TIMESTOMP_BACKDATE,"",80
38541,3,false,2145,2,.\PathUnknown\Directory with ID 0x00000861-00000002,WinStore.Services.dll,.dll,13312,1,,false,false,false,true,false,false,Archive|RecallOnOpen,Windows,2024-04-01 16:38:46.5750101,2025-12-21 10:30:42.4596172,2024-04-01 16:38:46.5750101,2025-12-21 10:30:42.4596172,2025-12-21 10:37:15.0750997,2025-12-21 10:30:42.4596172,2025-12-21 10:37:15.0750997,2025-12-21 10:30:42.4596172,48430064,2435353445,1572,,,,2024-04-01T16:38:46.575010,2025-12-21T10:30:42.459617,2024-04-01T16:38:46.575010,-54323515,TIMESTOMP_BACKDATE,"",80
38547,3,false,2145,2,.\PathUnknown\Directory with ID 0x00000861-00000002,WinStore.Instrumentation.dll,.dll,125440,1,,false,false,false,true,false,false,Archive|RecallOnOpen,Windows,2024-04-01 16:38:46.5750101,2025-12-21 10:30:42.4596172,2024-04-01 16:38:46.5750101,2025-12-21 10:30:42.4596172,2025-12-21 10:37:15.0636232,2025-12-21 10:30:42.4596172,2025-12-21 10:37:15.0610474,2025-12-21 10:30:42.4596172,48428728,2435352404,1572,,,,2024-04-01T16:38:46.575010,2025-12-21T10:30:42.459617,2024-04-01T16:38:46.575010,-54323515,TIMESTOMP_BACKDATE,"",80
39422,3,false,2249,2,.\PathUnknown\Directory with ID 0x000008C9-00000002,GamePassWidget.exe,.exe,34104,1,,false,false,false,true,false,false,Archive|RecallOnOpen,Windows,2024-04-01 16:42:46.8510636,2025-12-21 10:30:42.8743899,2024-04-01 16:42:46.8510636,2025-12-21 10:30:42.8743899,2025-12-21 10:37:38.2035399,2025-12-21 10:30:42.8743899,2025-12-21 11:40:56.8422985,2025-12-21 10:30:42.8743899,50263384,2436812773,1655,,,,2024-04-01T16:42:46.851063,2025-12-21T10:30:42.874389,2024-04-01T16:42:46.851063,-54323276,TIMESTOMP_BACKDATE,"",80
39452,3,false,2252,2,.\PathUnknown\Directory with ID 0x000008CC-00000002,WebView2Loader.dll,.dll,156968,1,,false,false,false,true,false,false,Archive|RecallOnOpen,Windows,2024-04-01 16:42:45.9135425,2025-12-21 10:30:42.8923093,2024-04-01 16:42:45.9292307,2025-12-21 10:30:42.8923093,2025-12-21 11:25:53.9510334,2025-12-21 10:30:42.8923093,2025-12-21 11:25:53.9560862,2025-12-21 10:30:42.8923093,288241688,2436809591,1655,,,,2024-04-01T16:42:45.913542,2025-12-21T10:30:42.892309,2024-04-01T16:42:45.929230,-54323276,TIMESTOMP_BACKDATE,"",80
39455,3,false,2249,2,.\PathUnknown\Directory with ID 0x000008C9-00000002,GamePassWidgetAppService.dll,.dll,862008,1,,false,false,false,true,false,false,Archive|RecallOnOpen,Windows,2024-04-01 16:42:46.8510636,2025-12-21 10:30:42.8944596,2024-04-01 16:42:46.8667618,2025-12-21 10:30:42.8944596,2025-12-21 10:37:38.2105072,2025-12-21 10:30:42.8944596,2025-12-21 10:37:38.2079544,2025-12-21 10:30:42.8944596,50263720,2436812946,1655,,,,2024-04-01T16:42:46.851063,2025-12-21T10:30:42.894459,2024-04-01T16:42:46.866761,-54323276,TIMESTOMP_BACKDATE,"",80
39456,3,false,2252,2,.\PathUnknown\Directory with ID 0x000008CC-00000002,WidgetPicker.dll,.dll,587048,1,,false,false,false,true,false,false,Archive|RecallOnOpen,Windows,2024-04-01 16:42:45.9292307,2025-12-21 10:30:42.8944596,2024-04-01 16:42:45.9292307,2025-12-21 10:30:42.8944596,2025-12-21 10:37:37.8236566,2025-12-21 10:30:42.8944596,2025-12-21 10:37:37.8236566,2025-12-21 10:30:42.8944596,50259120,2436809762,1655,,,,2024-04-01T16:42:45.929230,2025-12-21T10:30:42.894459,2024-04-01T16:42:45.929230,-54323276,TIMESTOMP_BACKDATE,"",80
39459,3,false,2252,2,.\PathUnknown\Directory with ID 0x000008CC-00000002,WidgetService.exe,.exe,207144,1,,false,false,false,true,false,false,Archive|RecallOnOpen,Windows,2024-04-01 16:42:46.1792429,2025-12-21 10:30:42.8944596,2024-04-01 16:42:46.1792429,2025-12-21 10:30:42.8944596,2025-12-21 11:31:37.1351890,2025-12-21 10:30:42.8944596,2025-12-21 11:31:37.1377418,2025-12-21 10:30:42.8944596,290921656,2436811731,1655,,,,2024-04-01T16:42:46.179242,2025-12-21T10:30:42.894459,2024-04-01T16:42:46.179242,-54323276,TIMESTOMP_BACKDATE,"",80
39460,3,false,2252,2,.\PathUnknown\Directory with ID 0x000008CC-00000002,Microsoft.Windows.Widgets.dll,.dll,1726248,1,,false,false,false,true,false,false,Archive|RecallOnOpen,Windows,2024-04-01 16:42:38.2257227,2025-12-21 10:30:42.8944596,2024-04-01 16:42:38.2570369,2025-12-21 10:30:42.8944596,2025-12-21 11:31:37.0588169,2025-12-21 10:30:42.8944596,2025-12-21 11:31:37.0613452,2025-12-21 10:30:42.8944596,290921536,2435365951,1655,,,,2024-04-01T16:42:38.225722,2025-12-21T10:30:42.894459,2024-04-01T16:42:38.257036,-54323284,TIMESTOMP_BACKDATE,"",80
39481,3,false,2252,2,.\PathUnknown\Directory with ID 0x000008CC-00000002,wv2winrt.dll,.dll,1703208,1,,false,false,false,true,false,false,Archive|RecallOnOpen,DosWindows,2024-04-01 16:42:46.1792429,2025-12-21 10:30:42.8995293,2024-04-01 16:42:46.2104283,2025-12-21 10:30:42.8995293,2025-12-21 10:37:37.9511020,2025-12-21 10:30:42.8995293,2025-12-21 10:37:37.9488534,2025-12-21 10:30:42.8995293,50262288,2436811874,1655,,,,2024-04-01T16:42:46.179242,2025-12-21T10:30:42.899529,2024-04-01T16:42:46.210428,-54323276,TIMESTOMP_BACKDATE,"",80
39642,3,false,2252,2,.\PathUnknown\Directory with ID 0x000008CC-00000002,Widgets.exe,.exe,2596136,1,,false,false,false,true,false,false,Archive|RecallOnOpen,DosWindows,2024-04-01 16:42:46.1479297,2025-12-21 10:30:42.9722864,2024-04-01 16:42:46.1792429,2025-12-21 10:30:42.9722864,2025-12-21 11:25:53.8069521,2025-12-21 10:30:42.9722864,2025-12-21 11:25:53.8116139,2025-12-21 10:30:42.9722864,288241304,2436811571,1655,,,,2024-04-01T16:42:46.147929,2025-12-21T10:30:42.972286,2024-04-01T16:42:46.179242,-54323276,TIMESTOMP_BACKDATE,"",80
44482,3,false,2131,2,.\PathUnknown\Directory with ID 0x00000853-00000002,WinStore.App.dll,.dll,52434432,1,,false,false,false,true,false,false,Archive|RecallOnOpen,Windows,2024-04-01 16:38:45.5436838,2025-12-21 10:30:45.2344741,2024-04-01 16:38:46.1844468,2025-12-21 10:30:45.2344741,2025-12-21 11:29:22.4557768,2025-12-21 10:30:45.2344741,2025-12-21 11:29:22.4973350,2025-12-21 10:30:45.2344741,289997088,2435330599,1572,,,,2024-04-01T16:38:45.543683,2025-12-21T10:30:45.234474,2024-04-01T16:38:46.184446,-54323519,TIMESTOMP_BACKDATE,"",80
